<?xml version="1.0"?>
<!--
/**
 * Copyright © Magento, Inc. All rights reserved.
 * See COPYING.txt for license details.
 */
-->
<config xmlns:xsi="http://www.w3.org/2001/XMLSchema-instance" xsi:noNamespaceSchemaLocation="urn:magento:module:Magento_Config:etc/system_file.xsd">
    <system>
        <section id="customer">
            <group id="email_registration_information" translate="label" type="text" sortOrder="999" showInDefault="1" showInWebsite="1" showInStore="1">
                <label>Email Information</label>
                <field id="from_email" translate="label comment" type="text" sortOrder="20" showInDefault="1" showInWebsite="1" showInStore="1" canRestore="1">
                    <label>From Email Address</label>
                    <comment>From Email</comment>
                </field>
                <field id="from_name" translate="label comment" type="text" sortOrder="30" showInDefault="1" showInWebsite="1" showInStore="1" canRestore="1">
                    <label>From Name</label>
                    <comment>From Name</comment>
                </field>
            </group>
        </section>
    </system>
</config>
