<?xml version="1.0"?>

<config xmlns:xsi="http://www.w3.org/2001/XMLSchema-instance" xsi:noNamespaceSchemaLocation="urn:magento:framework:ObjectManager/etc/config.xsd">

    <type name="Alan\CustomCustomerRegistration\Model\Logger\Handler">
        <arguments>
            <argument name="filesystem" xsi:type="object">Magento\Framework\Filesystem\Driver\File</argument>
        </arguments>
    </type>
    <type name="Alan\CustomCustomerRegistration\Model\Logger\Logger">
        <arguments>
            <argument name="name" xsi:type="string">myLoggerName</argument>
            <argument name="handlers"  xsi:type="array">
                <item name="system" xsi:type="object">Alan\CustomCustomerRegistration\Model\Logger\Handler</item>
            </argument>
        </arguments>
    </type>

</config>
